/*
SQLyog Ultimate v12.08 (64 bit)
MySQL - 5.5.49 : Database - dangdangwang
*********************************************************************
*/

/*!40101 SET NAMES utf8 */;

/*!40101 SET SQL_MODE=''*/;

/*!40014 SET @OLD_UNIQUE_CHECKS=@@UNIQUE_CHECKS, UNIQUE_CHECKS=0 */;
/*!40014 SET @OLD_FOREIGN_KEY_CHECKS=@@FOREIGN_KEY_CHECKS, FOREIGN_KEY_CHECKS=0 */;
/*!40101 SET @OLD_SQL_MODE=@@SQL_MODE, SQL_MODE='NO_AUTO_VALUE_ON_ZERO' */;
/*!40111 SET @OLD_SQL_NOTES=@@SQL_NOTES, SQL_NOTES=0 */;
CREATE DATABASE /*!32312 IF NOT EXISTS*/`dangdangwang` /*!40100 DEFAULT CHARACTER SET utf8 */;

USE `dangdangwang`;

/*Table structure for table `account` */

DROP TABLE IF EXISTS `account`;

CREATE TABLE `account` (
  `username` varchar(25) NOT NULL COMMENT '昵称',
  `email` varchar(80) NOT NULL COMMENT '邮箱',
  `sex` varchar(10) NOT NULL COMMENT '性别',
  `province` varchar(25) NOT NULL,
  `city` varchar(25) NOT NULL COMMENT '市',
  PRIMARY KEY (`username`)
) ENGINE=InnoDB DEFAULT CHARSET=utf8;

/*Data for the table `account` */

/*Table structure for table `cart` */

DROP TABLE IF EXISTS `cart`;

CREATE TABLE `cart` (
  `username` varchar(25) NOT NULL,
  `productid` varchar(10) NOT NULL,
  `bookname` varchar(80) NOT NULL,
  `price` double NOT NULL,
  `discount` int(11) NOT NULL,
  `num` int(11) NOT NULL,
  PRIMARY KEY (`username`,`productid`)
) ENGINE=InnoDB DEFAULT CHARSET=utf8;

/*Data for the table `cart` */

insert  into `cart`(`username`,`productid`,`bookname`,`price`,`discount`,`num`) values ('aaa','100','哈佛凌晨四点半',55.55,80,1),('aaa','110','给我来个和尚',30.01,65,1),('aaa','116','星太奇',22.57,50,2),('aaa','37','逻辑思维-见识',44.4,39,1),('aaa','77','数学之美',22.57,50,1),('张三','81','编译原理',22.57,66,3),('李四','88','全职高手18',22.76,50,1),('李四','92','爱你时有风',44.4,89,7);

/*Table structure for table `category` */

DROP TABLE IF EXISTS `category`;

CREATE TABLE `category` (
  `catid` varchar(25) NOT NULL COMMENT '类别id',
  `name` varchar(25) NOT NULL COMMENT '一级分类',
  `name2` varchar(25) NOT NULL COMMENT '二级分类',
  `descn` varchar(80) DEFAULT NULL COMMENT '描述',
  PRIMARY KEY (`catid`)
) ENGINE=InnoDB DEFAULT CHARSET=utf8;

/*Data for the table `category` */

insert  into `category`(`catid`,`name`,`name2`,`descn`) values ('1','小说','科技',''),('10','青春','动漫',NULL),('11','青春','青春文学',NULL),('2','小说','教育',NULL),('3','小说','励志',NULL),('4','小说','生活',NULL),('5','文艺','文字',NULL),('6','文艺','杂志',NULL),('7','文艺','心理',NULL),('8','文艺','摄影',NULL),('9','青春','童书',NULL);

/*Table structure for table `orders` */

DROP TABLE IF EXISTS `orders`;

CREATE TABLE `orders` (
  `ordersid` int(11) NOT NULL AUTO_INCREMENT,
  `username` varchar(75) NOT NULL,
  `out_trade_no` varchar(300) NOT NULL,
  `trade_no` varchar(100) NOT NULL,
  `total_amount` varchar(10) NOT NULL,
  PRIMARY KEY (`ordersid`)
) ENGINE=InnoDB AUTO_INCREMENT=19 DEFAULT CHARSET=utf8;

/*Data for the table `orders` */

insert  into `orders`(`ordersid`,`username`,`out_trade_no`,`trade_no`,`total_amount`) values (2,'张三','2019619195947912','2019061922001497641000416257','43.88'),(3,'张三','201961920175831','2019061922001497641000422252','43.88'),(4,'张三','2019619203153677','2019061922001497641000422253','43.88'),(5,'张三','201961920366998','2019061922001497641000422254','43.88'),(6,'张三','2019619203817547','2019061922001497641000416258','43.88'),(7,'张三','201961920403907','2019061922001497641000422255','87.77'),(8,'张三','20196200465309','2019062022001497641000430230','107.86'),(9,'张三','2019622172159858','2019062222001497641000442861','14.90'),(10,'张三','2019622173051692','2019062222001497641000440491','14.90'),(11,'张三','2019622173051692','2019062222001497641000440491','14.90'),(12,'张三','2019622173051692','2019062222001497641000440491','14.90'),(13,'张三','2019622174434585','2019062222001497641000440492','14.90'),(14,'张三','2019622174757761','2019062222001497641000440493','14.90'),(15,'张三','2019622175328248','2019062222001497641000442862','14.90'),(16,'张三','20196221756536','2019062222001497641000442863','14.90'),(17,'张三','201962217574591','2019062222001497641000441561','44.69'),(18,'张三','201962218058625','2019062222001497641000441562','44.69');

/*Table structure for table `ordersinfo` */

DROP TABLE IF EXISTS `ordersinfo`;

CREATE TABLE `ordersinfo` (
  `trade_no` varchar(100) NOT NULL,
  `productid` varchar(10) NOT NULL,
  `bookname` varchar(240) NOT NULL,
  `price` double NOT NULL,
  `discount` int(11) NOT NULL,
  `num` int(11) NOT NULL,
  `total_amount` varchar(10) NOT NULL,
  PRIMARY KEY (`trade_no`,`productid`)
) ENGINE=InnoDB DEFAULT CHARSET=utf8;

/*Data for the table `ordersinfo` */

insert  into `ordersinfo`(`trade_no`,`productid`,`bookname`,`price`,`discount`,`num`,`total_amount`) values ('2019061922001497641000416258','78','数据结构与算法分析',55.55,79,1,'43.88'),('2019062022001497641000430230','40','生物-高中知识清单',22.57,89,1,'107.86'),('2019062022001497641000430230','78','数据结构与算法分析',55.55,79,2,'107.86'),('2019062222001497641000441561','81','编译原理',81,66,1,'44.69'),('2019062222001497641000441562','81','编译原理',22.57,66,3,'44.69'),('2019062222001497641000442861','116','星太奇',22.57,50,1,'14.90'),('2019062222001497641000442862','81','编译原理',81,66,1,'14.90'),('2019062222001497641000442863','81','编译原理',81,66,1,'14.90');

/*Table structure for table `product` */

DROP TABLE IF EXISTS `product`;

CREATE TABLE `product` (
  `productid` varchar(10) NOT NULL,
  `category` varchar(10) NOT NULL,
  `bookname` varchar(80) NOT NULL,
  `score` double NOT NULL,
  `author` varchar(20) NOT NULL,
  `publish` varchar(80) NOT NULL,
  `pubdate` varchar(80) NOT NULL,
  `descn` varchar(80) NOT NULL,
  `price` double NOT NULL,
  `discount` int(11) NOT NULL,
  `img` varchar(100) NOT NULL,
  `qty` int(11) NOT NULL,
  PRIMARY KEY (`productid`) USING BTREE,
  KEY `productCat` (`category`) USING BTREE,
  KEY `productName` (`bookname`) USING BTREE
) ENGINE=InnoDB DEFAULT CHARSET=utf8 ROW_FORMAT=COMPACT;

/*Data for the table `product` */

insert  into `product`(`productid`,`category`,`bookname`,`score`,`author`,`publish`,`pubdate`,`descn`,`price`,`discount`,`img`,`qty`) values ('100','3','哈佛凌晨四点半',6.7,'毛姆','北京出版社','2009-10-14','励志',55.55,80,'images/1.jpg',110),('101','3','越孤独越自由',9.5,'刘同','上海出版社','2009-09-09','励志',22.57,89,'images/4.jpg',54),('102','3','大学不迷茫',9.1,'程之理','北京出版社','2005-10-15','励志',22.57,100,'images/3.jpg',99),('103','3','把时间当朋友',8.8,'白茶','杭州出版社','2010-10-10','励志',38.6,65,'images/2.jpg',83),('104','3','靠自己去成功',9.1,'阿桂','上海出版社','2009-10-14','励志',89.53,69,'images/6.jpg',325),('105','3','学会自己长大',9.5,'程之理','重庆出版社','2019-01-01','励志',45.34,89,'images/5.jpg',791),('106','3','肯定自己',7.5,'白茶','重庆出版社','2017-04-28','励志',55.55,89,'images/7.jpg',110),('107','3','世上没有哦怀才不遇',6.7,'大冰','花艺出版社','2016-09-17','励志',30.01,33,'images/2.jpg',83),('108','3','你不必活在别人的期待里',7.5,'张浩辰','北京出版社','2005-10-15','励志',22.76,66,'images/7.jpg',54),('110','10','给我来个和尚',9.5,'白茶','杭州出版社','2016-03-03','动漫',30.01,65,'images/6.jpg',54),('111','10','睡不着',6.7,'马修','上海出版社','2017-04-28','动漫',44.4,95,'images/3.jpg',32),('112','10','呆头农场',7.7,'朱斌','重庆出版社','2009-10-14','动漫',60,89,'images/1.jpg',83),('113','10','大话降龙3',9.1,'塞雷','杭州出版社','2010-10-10','动漫',40.77,70,'images/4.jpg',99),('114','10','头条都是他',9.5,'蔡志忠','花艺出版社','2006-12-22','动漫',44.4,65,'images/7.jpg',110),('115','10','射雕英雄传',7.5,'白茶','北京出版社','2005-10-15','动漫',90,79,'images/7.jpg',445),('116','10','星太奇',9.5,'kid岁','上海出版社','2019-01-01','动漫',22.57,50,'images/2.jpg',456),('117','10','阿衰',5.3,'横沟百合','河南出版社','2016-09-17','动漫',38.6,89,'images/4.jpg',24),('118','10','爆笑校园',9.5,'阿桂','成都出版社','2005-10-15','动漫',22.78,75,'images/3.jpg',54),('119','10','大话降龙',9,'徐贤哲','重庆出版社','2009-10-14','动漫',55.55,69,'images/6.jpg',18),('120','7','少有人走的路',4,'白茶','上海出版社','2017-04-28','心理学',50,91,'images/1.jpg',110),('121','7','那些长不大的男人',9.1,'程之理','杭州出版社','2008-08-08','心理学',89.53,65,'images/2.jpg',457),('1211','7','我已经够好了',9.1,'张浩辰','北京出版社','2005-10-15','心理学',22.57,66,'images/4.jpg',79),('1212','7','释梦',6.9,'大冰','重庆出版社','2009-10-14','心理学',33.33,50,'images/3.jpg',58),('1213','7','乌合之众',6.7,'阿桂','重庆出版社','2017-04-28','心理学',33.33,99,'images/6.jpg',45),('1214','7','梦的解析',8.8,'刘同','上海出版社','2010-10-10','心理学',22.76,88,'images/2.jpg',110),('122','7','自控力',8.8,'肥志','山西出版社','2009-10-14','心理学',55.55,91,'images/7.jpg',57),('123','7','拖延心理学',4.4,'张浩辰','重庆出版社','2010-10-10','心理学',44.4,59,'images/1.jpg',99),('124','7','看不见的大猩猩',5,'白茶','北京出版社','2009-10-14','心理学',44.21,55,'images/3.jpg',83),('125','7','害羞心理学',6.7,'程之理','杭州出版社','2019-01-01','心理学',60.39,69,'images/7.jpg',763),('126','7','心理类型',8,'肥志','重庆出版社','2011-11-11','心理学',22.57,70,'images/4.jpg',110),('127','7','天生情人十六种',8.8,'刘璐','上海出版社','2008-12-12','心理学',55.34,69,'images/5.jpg',60),('128','7','欣赏你的大脑',6.6,'白茶','河南出版社','2017-04-28','心理学',22.76,65,'images/6.jpg',50),('129','7','心灵游戏',6.6,'里昂','广州出版社','2005-10-15','心理学',55.55,59,'images/7.jpg',40),('13','5','西游记',6.7,'张浩辰','深圳出版社','2010-10-10','文学',44.4,58,'images/7.jpg',99),('130','8','摄影构图',9.5,'白茶','重庆出版社','2007-12-22','摄影',32.42,66,'images/1.jpg',110),('131','8','数码摄影实拍',9.9,'程之理','北京出版社','2016-09-17','摄影',60.33,50,'images/3.jpg',1111),('1311','8','瞬间的背后',9.1,'程之理','重庆出版社','2005-11-11','摄影',89.53,59,'images/4.jpg',99),('132','8','一本摄影书',9.9,'张浩辰','上海出版社','2008-10-15','摄影',22.57,89,'images/6.jpg',65),('133','8','旅行摄影圣经',6.7,'程之理','成都出版社','2017-04-28','摄影',88.88,70,'images/2.jpg',455),('134','8','摄影的骨头',5.9,'肥志','重庆出版社','2010-10-10','摄影',55.55,91,'images/7.jpg',91),('135','8','摄影笔记',7.9,'里昂','广州出版社','2007-07-07','摄影',44.4,65,'images/4.jpg',110),('136','8','论摄影',6.7,'白茶','上海出版社','2005-10-15','摄影',99.99,69,'images/2.jpg',55),('137','8','纽约摄影',6.9,'程之理','山西出版社','2017-04-28','摄影',55.55,54,'images/3.jpg',54),('138','8','边拍边学100法',7,'肥志','广州出版社','2008-12-12','摄影',22.76,75,'images/7.jpg',66),('139','8','跟我学摄影',5,'张浩辰','河南出版社','2008-12-12','摄影',22.57,50,'images/1.jpg',18),('14','5','红楼梦',6.7,'阿桂','上海出版社','2010-10-10','文学',38.6,91,'images/2.jpg',67),('15','5','三国演义',9.5,'程之理','河北出版社','2019-01-01','文学',44.4,89,'images/6.jpg',553),('16','5','水浒传',6,'王五','山西出版社','2017-04-28','文学',46.69,30,'images/5.jpg',110),('17','5','武林外传',9.3,'白茶','上海出版社','2005-10-15','文学',33.33,89,'images/1.jpg',34),('18','5','孙子兵法',6.7,'里昂','北京出版社','2006-12-22','文学',40.23,39,'images/4.jpg',4040),('19','5','还珠格格',5.9,'赵六','深圳出版社','2006-03-03','文学',38.6,89,'images/7.jpg',68),('2','5','明朝那些事',5.9,'张三','山西出版社','2010-10-10','文学',16.66,77,'images/6.jpg',54),('20','5','追风筝的人',9.1,'张浩辰','河北出版社','2010-10-10','文学',55.55,79,'images/3.jpg',29),('21','5','平凡的人生',8.8,'肥志','上海出版社','2005-10-15','文学',28.89,89,'images/7.jpg',110),('22','6','装男人',5.4,'里昂','河南出版社','2019-01-01','杂志',22.57,48,'images/2.jpg',18),('23','6','Time',7,'肥志','山西出版社','2018-12-18','杂志',38.6,58,'images/7.jpg',352),('24','6','时尚周刊',3.9,'白茶','深圳出版社','2006-12-22','杂志',20.45,20,'images/4.jpg',777),('25','6','Vista看天下',9.5,'程之理','河北出版社','2017-04-28','杂志',44.4,91,'images/2.jpg',54),('26','6','青年文摘',6.7,'李四','上海出版社','2010-10-10','杂志',22.57,79,'images/5.jpg',256),('27','6','意林',7.9,'前期','成都出版社','2008-12-12','杂志',80.39,39,'images/6.jpg',77),('28','6','读者',5.9,'肥志','杭州出版社','2019-01-01','杂志',55.55,58,'images/2.jpg',110),('29','6','维多利亚闺蜜秀',7.3,'张浩辰','河北出版社','2005-03-15','杂志',44.4,66,'images/4.jpg',988),('3','6','男人装',8.8,'大冰','上海出版社','2005-10-15','杂志',9.99,80,'images/7.jpg',4040),('30','6','东方时空',9.1,'张浩辰','河南出版社','2004-04-04','杂志',22.57,88,'images/3.jpg',83),('33','5','18岁欠我一个姑娘',6.4,'阿桂','河北出版社','2005-10-15','文学',38.6,79,'images/7.jpg',44),('34','5','春风十里不如你',5.9,'程之理','深圳出版社','2017-04-28','文学',55.55,58,'images/1.jpg',110),('35','6','读天下',6.7,'张三','山西出版社','2011-11-11','杂志',30.22,75,'images/4.jpg',776),('36','6','看世界',7.8,'王五','北京出版社','2016-09-17','杂志',22.57,91,'images/2.jpg',3215),('37','2','逻辑思维-见识',6.6,'白茶','山西出版社','2010-10-10','教育',44.4,39,'images/5.jpg',54),('38','2','世界百科全书',9.5,'肥志','上海出版社','2019-01-01','教育',45.34,79,'images/6.jpg',55),('39','2','新东方高中英语',9.2,'阿桂','河南出版社','2006-12-22','教育',38.6,58,'images/7.jpg',110),('40','2','生物-高中知识清单',9.1,'钱七','深圳出版社','2005-10-15','教育',22.57,89,'images/4.jpg',776),('41','2','学霸笔记-数学',8.8,'张浩辰','河北出版社','2016-09-17','教育',55.55,59,'images/3.jpg',68),('42','2','高中语文知识手册',6.7,'肥志','山西出版社','2010-10-10','教育',51.5,66,'images/2.jpg',89),('43','2','衡水中学状元笔记',5.9,'张三','上海出版社','2017-04-28','教育',43.54,22,'images/1.jpg',5578),('44','2','高校心理学教材',8.8,'肥志','河南出版社','2011-11-11','教育',44.4,45,'images/5.jpg',61),('45','2','新闻写作教程',8.9,'白茶','深圳出版社','2009-09-09','教育',43.56,91,'images/7.jpg',52),('46','2','社会研究方法',4.4,'里昂','河北出版社','2006-03-03','教育',66.67,79,'images/4.jpg',110),('47','9','小猪佩奇',6.7,'张三','上海出版社','2006-12-22','童书',22.57,58,'images/2.jpg',68),('48','9','风筝',9.5,'张浩辰','河北出版社','2005-10-15','童书',77.32,89,'images/1.jpg',99),('49','9','小兔朱丽奥',5.9,'白茶','北京出版社','2008-12-12','童书',22.57,39,'images/5.jpg',67),('50','9','阿凡提',9.5,'阿桂','杭州出版社','2016-09-17','童书',55.55,89,'images/6.jpg',55),('51','9','少年读史记',5.9,'程之理','上海出版社','2010-10-10','童书',38.6,66,'images/7.jpg',1000),('52','9','给孩子读书',6.7,'李四','深圳出版社','2017-04-28','童书',22.57,40,'images/3.jpg',400),('53','9','淘气包马小跳',2.9,'大冰','河北出版社','2006-03-03','童书',44.4,79,'images/1.jpg',423),('54','9','少年西游记',8.8,'阿桂','山西出版社','2006-12-22','童书',44.4,46,'images/2.jpg',146),('55','9','舒克贝塔传',9.1,'张浩辰','河北出版社','2016-09-17','童书',88.98,59,'images/7.jpg',678),('56','9','阿凡提',7,'王五','上海出版社','2011-11-11','童书',22.57,89,'images/5.jpg',0),('57','12','这个历史挺靠谱',8.8,'张浩辰','山西出版社','2005-10-15','人文社科',55.55,69,'images/7.jpg',54),('58','12','晓说',9.1,'刘同','河南出版社','2010-10-10','人文社科',91.11,89,'images/6.jpg',99),('59','12','知行合一王明阳',9.1,'肥志','河北出版社','2017-04-28','人文社科',22.57,65,'images/4.jpg',110),('60','12','曾国潘家书',7,'肥志','深圳出版社','2006-03-03','人文社科',44.4,89,'images/1.jpg',776),('61','12','上下五千年',6.1,'王五五','深圳出版社','2010-10-10','人文社科',70.05,59,'images/3.jpg',18),('62','12','习近平谈治国理政',8.8,'张浩辰','上海出版社','2016-09-17','人文社科',89.53,91,'images/5.jpg',43),('63','12','邓小平时代',5.1,'里昂','河南出版社','2017-04-28','人文社科',22.57,39,'images/2.jpg',905),('64','12','共产党宣言',5.5,'张三','成都出版社','2008-12-12','人文社科',38.6,70,'images/7.jpg',0),('65','12','家国天下',8.8,'李四','上海出版社','2005-10-15','人文社科',44.4,66,'images/3.jpg',71),('66','12','中国的和平发展道路',7,'肥志','成都出版社','2019-01-01','人文社科',55.55,79,'images/5.jpg',82),('67','4','人生导师',3.1,'肥志','成都出版社','2006-03-03','生活',89.53,69,'images/7.jpg',110),('68','4','如何爱孩子',8.8,'白茶','上海出版社','2017-04-28','生活',22.57,10,'images/1.jpg',93),('69','4','父母的教养',8.8,'张张','河南出版社','2010-10-10','生活',38.6,65,'images/2.jpg',776),('70','4','戒掉孩子的拖延症',9.1,'张浩辰','花艺出版社','2016-09-17','生活',89.53,70,'images/4.jpg',54),('71','4','从小读到大',9.1,'阿桂','杭州出版社','2019-01-01','生活',45.34,78,'images/7.jpg',146),('72','4','教养在生活的细节',9.5,'王五','花艺出版社','2005-10-15','生活',15.4,55,'images/6.jpg',998),('73','4','好妈妈胜过好老师',5.9,'程之理','重庆出版社','2008-12-12','生活',22.57,89,'images/1.jpg',110),('74','4','儿童行为心理学',8.8,'李思思','河南出版社','2006-12-22','生活',22.76,91,'images/5.jpg',83),('75','4','游戏力',4.4,'大冰','花艺出版社','2016-09-17','生活',55.55,65,'images/4.jpg',776),('76','4','成长比成功更重要',9.1,'张浩辰','河北出版社','2017-04-28','生活',89.53,89,'images/2.jpg',0),('77','1','数学之美',7,'吴军','杭州出版社','2019-01-01','科技',22.57,50,'images/7.jpg',0),('78','1','数据结构与算法分析',9.5,'白茶','上海出版社','2016-09-17','科技',55.55,79,'images/6.jpg',54),('79','1','算法竞赛入门经典',8.8,'张三','成都出版社','2008-12-12','科技',22.76,39,'images/3.jpg',110),('80','1','大话数据结构',9.5,'里昂','河北出版社','2010-10-10','科技',45.34,65,'images/1.jpg',345),('81','1','编译原理',8.3,'大冰','北京出版社','2005-10-15','科技',22.57,66,'images/5.jpg',771),('82','1','计算机科学导论',8.8,'阿桂','成都出版社','2017-04-28','科技',55.55,59,'images/2.jpg',567),('83','1','信息简史',7,'张浩辰','河南出版社','2016-09-17','科技',51.44,59,'images/6.jpg',79),('84','1','深入式分布缓存',7.3,'刘同','山西出版社','2011-11-11','科技',89.53,79,'images/7.jpg',789),('85','1','微服务设计',9.5,'程之理','上海出版社','2016-09-17','科技',44.4,59,'images/3.jpg',90),('86','1','计算机图形学',8.8,'大冰','成都出版社','2017-04-28','科技',22.57,91,'images/1.jpg',110),('87','11','你那么懂事，一定很辛苦吧',7,'阿桂','杭州出版社','2005-10-15','青春文学',55.55,69,'images/5.jpg',56),('88','11','全职高手18',10,'张三按','河南出版社','2019-01-01','青春文学',22.76,50,'images/6.jpg',54),('89','11','国家是这样炼成的',9.5,'张浩辰','花艺出版社','2010-10-10','青春文学',22.76,89,'images/2.jpg',99),('90','11','再会，骄傲小时光',4.6,'白茶','河南出版社','2016-09-17','青春文学',22.57,70,'images/3.jpg',80),('91','11','我们的少年时代',9.2,'里昂','成都出版社','2011-11-11','青春文学',55.55,65,'images/1.jpg',0),('92','11','爱你时有风',9.5,'李志','河南出版社','2017-04-28','青春文学',44.4,89,'images/4.jpg',110),('93','11','现在是女生时代',9.1,'程之理','上海出版社','2005-10-15','青春文学',89.53,67,'images/7.jpg',776),('94','11','世界上所有的童话都是写给大人看的',7,'程之理','成都出版社','2016-09-17','青春文学',55.55,100,'images/5.jpg',79),('95','11','花季？雨季',9.5,'刘同','杭州出版社','2006-03-03','青春文学',44,66,'images/2.jpg',89),('96','11','别走，万一好笑呢',8.8,'张浩辰','河南出版社','2017-04-28','青春文学',33,79,'images/5.jpg',776),('97','3','你的孤独，虽败犹荣',7,'克里莫','北京出版社','2008-12-12','励志',38.6,91,'images/1.jpg',110),('98','3','你在为谁读书',8.8,'高木直子','河南出版社','2011-11-11','励志',45.34,59,'images/3.jpg',45),('99','3','新100个基本',9.5,'肥志','北京出版社','2015-12-31','励志',45.34,50,'images/2.jpg',110);

/*Table structure for table `signon` */

DROP TABLE IF EXISTS `signon`;

CREATE TABLE `signon` (
  `username` varchar(25) NOT NULL COMMENT '昵称',
  `password` varchar(25) NOT NULL COMMENT '密码',
  `flag` int(11) NOT NULL,
  PRIMARY KEY (`username`)
) ENGINE=InnoDB DEFAULT CHARSET=utf8;

/*Data for the table `signon` */

insert  into `signon`(`username`,`password`,`flag`) values ('aaa','a123',0),('张三','123',0),('李四','111111',0),('王五','123123',1);

/*!40101 SET SQL_MODE=@OLD_SQL_MODE */;
/*!40014 SET FOREIGN_KEY_CHECKS=@OLD_FOREIGN_KEY_CHECKS */;
/*!40014 SET UNIQUE_CHECKS=@OLD_UNIQUE_CHECKS */;
/*!40111 SET SQL_NOTES=@OLD_SQL_NOTES */;
